{
    "camera_data": {
        "intrinsics": {
            "cx": 320.0,
            "cy": 240.0,
            "fx": 641.5,
            "fy": 641.5
        },
        "width": 1920,
        "height": 1080
    },
    "objects": [
        {
            "class": "Mustard",
            "location": [
                0.21039846132886417,
                0.2859410422382486,
                0.2522752287146509
            ],
            "quaternion_xyzw": [
                -0.31816871691364806,
                -0.6316003449320221,
                -0.05266511573070874,
                0.7050362100235311
            ],
            "projected_cuboid": [
                [
                    250.70383557520665,
                    308.2141359501185
                ],
                [
                    315.06749198890617,
                    414.71989465205365
                ],
                [
                    369.1607645209775,
                    504.57177358956983
                ],
                [
                    275.7841602976009,
                    349.89768881524355
                ],
                [
                    290.22774350785255,
                    284.4402102607577
                ],
                [
                    385.7433100185805,
                    372.1927046271238
                ],
                [
                    447.59005193679445,
                    457.3649722984925
                ],
                [
                    317.62101681567924,
                    324.7289998735461
                ],
                [
                    316.671607742986,
                    358.18791559141835
                ]
            ]
        }
    ]
}