{
    "camera_data": {
        "intrinsics": {
            "cx": 320.0,
            "cy": 240.0,
            "fx": 641.5,
            "fy": 641.5
        },
        "width": 1920,
        "height": 1080
    },
    "objects": [
        {
            "class": "Mustard",
            "location": [
                0.2087656308606908,
                0.2867313719109922,
                0.25142301837628195
            ],
            "quaternion_xyzw": [
                -0.3150104510267949,
                -0.6182140302005714,
                -0.037060907694410485,
                0.7191705762389953
            ],
            "projected_cuboid": [
                [
                    251.953241551308,
                    308.7306501740691
                ],
                [
                    308.0656581990267,
                    410.7102022144087
                ],
                [
                    360.2706367165645,
                    502.54179052735185
                ],
                [
                    276.4962187407298,
                    351.6980235067931
                ],
                [
                    293.14464583437814,
                    287.1514889415055
                ],
                [
                    382.1417433042998,
                    373.60324305122003
                ],
                [
                    443.86154334507717,
                    462.3754725651785
                ],
                [
                    320.47774072574316,
                    329.0883823326942
                ],
                [
                    315.8002463441949,
                    359.84757226610714
                ]
            ]
        }
    ]
}