{
    "camera_data": {
        "intrinsics": {
            "cx": 320.0,
            "cy": 240.0,
            "fx": 641.5,
            "fy": 641.5
        },
        "width": 1920,
        "height": 1080
    },
    "objects": [
        {
            "class": "Mustard",
            "location": [
                0.2529369333990559,
                0.3420151156560998,
                0.29554719373813887
            ],
            "quaternion_xyzw": [
                -0.25615134879291895,
                -0.6611051149318112,
                -0.08395610623032213,
                0.7001984616872619
            ],
            "projected_cuboid": [
                [
                    257.7509446156737,
                    311.0130151249809
                ],
                [
                    335.2041255995168,
                    427.3105034000373
                ],
                [
                    372.37011476509196,
                    493.0979687037949
                ],
                [
                    276.6691579971241,
                    345.1823295555504
                ],
                [
                    293.643641956685,
                    291.643166055041
                ],
                [
                    395.79955206374314,
                    394.36400993884547
                ],
                [
                    436.3407892077581,
                    458.1751584053843
                ],
                [
                    313.71990036665096,
                    325.1454438497788
                ],
                [
                    321.8564051301163,
                    363.8373903677643
                ]
            ]
        }
    ]
}