{
    "camera_data": {
        "intrinsics": {
            "cx": 320.0,
            "cy": 240.0,
            "fx": 641.5,
            "fy": 641.5
        },
        "width": 1920,
        "height": 1080
    },
    "objects": [
        {
            "class": "Mustard",
            "location": [
                28.910623953062164,
                7.721986988332452,
                16.796186384317824
            ],
            "quaternion_xyzw": [
                -0.8480769637457561,
                0.2267492876249646,
                0.3628297673352317,
                0.3125776448513432
            ],
            "projected_cuboid": [
                [
                    529.8851005479569,
                    198.9581720940813
                ],
                [
                    525.4955252360638,
                    198.52257221040597
                ],
                [
                    525.505728837561,
                    198.1570556087375
                ],
                [
                    529.9000439279736,
                    198.5904675439112
                ],
                [
                    529.4571493798858,
                    198.08527635815173
                ],
                [
                    525.0798123300297,
                    197.65685158417875
                ],
                [
                    525.0895568298209,
                    197.29118741717176
                ],
                [
                    529.471607374628,
                    197.71742017102602
                ],
                [
                    527.4774298634719,
                    198.12123881310586
                ]
            ]
        },
        {
            "class": "Mustard",
            "location": [
                0.27095429327390197,
                0.3536432683433152,
                0.31586829491427926
            ],
            "quaternion_xyzw": [
                0.30134791056386095,
                -0.7166032811113515,
                -0.581807993111019,
                0.23909963080558938
            ],
            "projected_cuboid": [
                [
                    281.90226578519,
                    352.48902281618393
                ],
                [
                    374.7960509855395,
                    445.74303371192434
                ],
                [
                    332.9697039486999,
                    399.8005583243614
                ],
                [
                    253.19918803541557,
                    319.7055155167826
                ],
                [
                    310.4293693765128,
                    304.6925672039148
                ],
                [
                    398.9869703281938,
                    393.9192315289358
                ],
                [
                    355.48740999443925,
                    356.8693062518254
                ],
                [
                    278.9353836506025,
                    279.76393851462154
                ],
                [
                    322.32730227286993,
                    354.89539328151386
                ]
            ]
        }
    ]
}