{
    "camera_data": {
        "intrinsics": {
            "cx": 320.0,
            "cy": 240.0,
            "fx": 641.5,
            "fy": 641.5
        },
        "width": 1920,
        "height": 1080
    },
    "objects": [
        {
            "class": "Mustard",
            "location": [
                0.26605325718815054,
                0.3532949731479062,
                0.3234484924518546
            ],
            "quaternion_xyzw": [
                -0.3210051374522892,
                -0.6351534915593171,
                -0.0029605298864912185,
                0.7025147536899397
            ],
            "projected_cuboid": [
                [
                    260.6227085258711,
                    312.22232889342627
                ],
                [
                    310.16246791783067,
                    375.5737144553932
                ],
                [
                    347.226742772816,
                    439.5414498829381
                ],
                [
                    281.0570601348402,
                    348.7430350518506
                ],
                [
                    294.2458649090536,
                    294.43771729672346
                ],
                [
                    361.914599402201,
                    347.91341700697615
                ],
                [
                    403.50636929222776,
                    409.1691200653669
                ],
                [
                    316.534902962013,
                    329.8737734909344
                ],
                [
                    313.9508195438376,
                    348.40553706939
                ]
            ]
        }
    ]
}